{"cameraMode":{"drawMode":0,"name":"Shaded","section":"Shading Mode"},"sceneLighting":false,"audioPlay":false,"sceneViewState":{"m_AlwaysRefresh":false,"showFog":true,"showSkybox":false,"showFlares":true,"showImageEffects":true,"showParticleSystems":true,"showVisualEffectGraphs":true,"m_FxEnabled":true},"in2DMode":false,"pivot":{"x":1.0699999332427979,"y":0.9403619766235352,"z":0.7799999713897705},"rotation":{"x":0.03583645820617676,"y":-0.9639294743537903,"z":0.19790740311145783,"w":0.1745181679725647},"size":1.2459936141967774,"orthographic":false}