{"cameraMode":{"drawMode":0,"name":"Shaded","section":"Shading Mode"},"sceneLighting":true,"audioPlay":false,"sceneViewState":{"m_AlwaysRefresh":false,"showFog":true,"showSkybox":true,"showFlares":true,"showImageEffects":true,"showParticleSystems":true,"showVisualEffectGraphs":true,"m_FxEnabled":true},"in2DMode":false,"pivot":{"x":12.189300537109375,"y":0.5064882636070252,"z":-16.44713020324707},"rotation":{"x":0.003191536059603095,"y":0.9714013338088989,"z":-0.01311733853071928,"w":0.2373763769865036},"size":16.541086196899415,"orthographic":false}